UserID,UserRole,FName,MName,LName,UserSIN,Gender,StreetNo,StreetName,City,Province,PostalCode,Phone,Cell,Email,Photo,Password
3,1,Emma,,Tremblay,537146487,1,18,Brock,Montreal,QC,L8J6C9,7765991190,2776599119,fghj45@gmail.com,,HC79957
2,3,Olivia,,Brown,871159393,1,1870,Bay,Mont-Royal,QC,M6D4E3,3892202233,6389220223,rqwe12@gmail.com,,DK81275
5,3,Aria,,Roy,603997016,1,370,Dalhousie,Montreal,QC,M5L9A1,1456066959,4145606695,asdxc@gmail.com,,IE93124
6,3,Charlotte,A,Gagnon,981309042,1,3862,Dufferin,Montreal,QC,O4K6A6,1880540337,9188054033,gfh6@gmail.com,,OM62000
7,3,Ava,H,Lee,795287953,1,3747,Duke,Mont-Royal,NB,A3Q5F6,6050150443,8605015044,dsfg21@gmail.com,,FP73056
8,3,Mia,,Wilson,938826701,1,1377,Dundas,Montreal,QC,G3F2B2,2162452327,2216245232,cvb23@gmail.com,,MH12975
9,3,Mila,,Johnson,961249645,1,585,Elgin,Montreal,QC,F5M2A2,5537369386,1553736938,vcbn9@gmail.com,,EH2585
10,3,Chloe,,MacDonald,225314363,1,6781,GreyorGray,Mont-Royal,QC,O4G2L2,9621165512,1962116551,cxbv21@gmail.com,,NK12853
11,3,Isabella,E,Taylor,417588734,1,5873,King,Montreal,QC,O9F3D9,2860990582,3286099058,dfgh22@gmail.com,,JM52537
12,3,Zoe,A,Campbell,271637494,1,4530,Peel,Havre-Saint-Pierre,QC,D4E4O8,314504941,3031450494,nb5@gmail.com,,EF5676
14,3,Riley,E,Jones,575800357,1,3220,Regent,Montreal,QC,H4O5M4,8255857476,8825585747,cv342@gmail.com,,KD28417
15,3,Lily,J,Leblanc,606465970,1,9469,Simcoe,Mont-Royal,NB,M4K5D5,5169400618,3516940061,khj54@gmail.com,,PN19136
16,3,Everly,,Cote,982259397,3,8045,Stanley,Montreal,QC,I2F6I4,1966733443,8196673344,sa123@gmail.com,,NH31013
17,3,Layla,F,Williams,600099389,1,2420,Victoria,Montreal,QC,Q7G2G3,1373502784,4137350278,cvc43@gmail.com,,QO50493
18,3,Ella,F,Miller,527370655,1,7531,Wellington,Montreal,NB,A1C3F4,8087993559,9808799355,bvc34@gmail.com,,HC64011
19,3,Maya,G,Thompson,231714235,1,3223,York,Mont-Royal,QC,C4D5E4,907372853,4090737285,sdf55b@gmail.com,,GC44625
21,3,Hannah,I,White,632863763,1,6257,Bay,Montreal,NB,F4Q1Q3,1117624962,1111762496,lok09@gmail.com,,EL26183
23,3,Harper,Q,Wong,787715070,1,6750,Catherine,Montreal,QC,G6J8D9,4533861695,6453386169,cvvfz43@gmail.com,,MG20533
24,3,Avery,K,Young,381883815,1,1921,Dalhousie,Montreal,QC,A5P9G1,6399742607,3639974260,jhhk443@gmail.com,,QC48167
25,3,Isla,E,Bouchard,134847931,1,7132,Dufferin,Havre-Saint-Pierre,QC,Q5M3D7,8375199700,6837519970,dgh976@gmail.com,,OJ22323
27,3,Noah,,Stewart,407932770,2,7681,Dundas,Laval,NB,N5C5L6,7989076345,6798907634,poi67@gmail.com,,QF47998
28,3,Liam,,Pelletier,643644763,2,5821,Elgin,Montreal,QC,I1O2B5,3240135083,5324013508,mjt234@gmail.com,,KJ25862
29,3,Lucas,,Lavoie,906286090,2,535,GreyorGray,Laval,QC,P2Q3E3,8359989932,5835998993,nnbv76@gmail.com,,IL33707
30,3,Benjamin,,Robinson,105442432,2,5455,King,Havre-Saint-Pierre,QC,D5A7P2,731125190,1073112519,dfg112@gmail.com,,NH1913
31,3,Oliver,,Moore,567021502,2,5836,Peel,Montreal,NB,F7I1A8,2136156523,1213615652,sdfsd6786@gmail.com,,EQ13810
33,3,Jacob,,Singh,605580943,3,3339,Regent,Montreal,QC,E2A7C7,5371344164,3537134416,zxc123123@gmail.com,,OF90316
34,3,Leo,,Fortin,753966387,2,3430,Simcoe,Havre-Saint-Pierre,QC,P8B4M9,8102491485,5810249148,sdw23@gmail.com,,PP55429
35,3,Logan,L,Levesque,827733165,2,1744,Stanley,Montreal,QC,E2F7J5,5572773889,1557277388,bvcvfd32@gmail.com,,PD86494
36,3,William,D,Chan,558140098,2,3451,Victoria,Laval,QC,H5D5O4,2540959390,8254095939,hhyu322@gmail.com,,KL45152
38,3,Jack,E,Ross,591888696,2,5635,York,Laval,QC,N6P3F9,7919818728,7791981872,gfh2341@gmail.com,,PE86956
39,3,James,G,Clark,656410184,2,9579,Alfred,Montreal,QC,M7M2F7,5466986383,7546698638,dfgnv24@gmail.com,,ON91553
40,3,Aiden,Q,Johnston,507091575,2,5211,Bay,Laval,QC,G5C6G6,3814628222,6381462822,fdhgf456@gmail.com,,PG86444
41,3,Lincoln,Q,Walker,702218673,3,1925,Brock,Montreal,QC,I8A4N9,9671238544,7967123854,gui789@gmail.com,,JQ43585
42,3,Theo,,Thomas,727941182,2,5308,Catherine,Montreal,QC,I5M7N8,32122033,5003212203,gkjh567@gmail.com,,HK47998
43,3,Thomas,,King,358003410,2,9566,Dalhousie,Laval,QC,E5K4J3,4499530708,1449953070,gww23@gmail.com,,PH59305
44,3,Mateo,,Gagne,433017375,2,4928,Dufferin,Montreal,QC,Q3C6J1,6967645463,5696764546,ddkkb33@gmail.com,,QM91071
45,3,Hudson,,Bergeron,996439261,2,5078,Duke,Montreal,QC,P7G4F9,790544305,7079054430,dfgcc2@gmail.com,,GC65680
46,3,Gabriel,,Li,218023108,2,5030,Dundas,Laval,QC,F7P6K8,7791440773,1779144077,ffbn43@gmail.com,,DJ91097
47,3,Mason,,Boucher,995560948,2,4225,Elgin,Montreal,QC,M8E4E4,7775431547,3777543154,sdf76@gmail.com,,LL3026
48,3,Owen,,Landry,456479535,2,4408,GreyorGray,Montreal,QC,A2L2A4,2002855034,6200285503,hg8p@gmail.com,,IQ88714
49,3,Kayden,L,Poirier,835698301,2,2576,King,Montreal,QC,G7L7H9,9062363838,3906236383,ddfr32@gmail.com,,KL15245
50,3,Alexande,J,Murray,851741887,2,1339,Peel,Montreal,QC,F2I7G4,3885976087,6388597608,vcv32dd@gmail.com,,KF1241
1,2,Sophia,E,Smith,763096026,1,1021,Alfred,Montreal,QC,A2A9E6,7275581869,2727558186,adsf@gmail.com,,JP32950
4,2,Amelia,,Martin,158974962,1,4588,Catherine,Havre-Saint-Pierre,NB,N5E9L1,6546212586,1654621258,sdfg21@gmail.com,,LP54266
13,2,Abigail,Q,Anderson,829988289,1,8281,Queen,Montreal,QC,O3L6N4,6996811152,8699681115,cvb2f@gmail.com,,NI17254
20,2,Nora,D,Gauthier,167994607,1,2891,Alfred,Havre-Saint-Pierre,NB,B1D2I9,8850246834,7885024683,bnmfgh43@gmail.com,,HF49349
22,2,Scarlett,J,Morin,431493446,1,72,Brock,Laval,QC,M3G1J8,6460344542,4646034454,cvbn23@gmail.com,,GM75521
26,2,Jackson,J,Scott,779861404,2,4704,Duke,Montreal,QC,C3D1A3,4422326943,3442232694,jhkh092@gmail.com,,FF96031
32,2,Ethan,C,Belanger,135890070,2,854,Queen,Laval,QC,C2A1J8,4588803583,3458880358,cvb76787@gmail.com,,QN29096
37,2,Grayson,,Reid,965516747,2,6866,Wellington,Montreal,NB,G4N4F8,6651692723,7665169272,kio46@gmail.com,,IN20077
